"Class","Role","SourcePath","ImportedPath","Bytes","Sha256"
"active-chat-drop-helper","current-top-level-helper","C:\Users\13527\Desktop\123\Jxhnny_Kl33N_Seedz\COMMAND_CENTER\UI_LANE\ROOT_DROP_INTAKE_20260611\SOURCE_RAW\Chat_Drop\CHAT_DROP_COPY__HOUSE_SEMANTIC_NERVOUS_SYSTEM_CURRENT_CUSTODY_ANCHOR_ADDENDUM_V0_2_20260607.md","C:\Users\13527\Desktop\ESO\ESO\ACTIVE_CHAT_DROPS\HELPER_FILES\HOUSE_HELPER_IMPORT_20260612\02_ACTIVE_CHAT_DROP_HELPERS\CHAT_DROP_COPY__HOUSE_SEMANTIC_NERVOUS_SYSTEM_CURRENT_CUSTODY_ANCHOR_ADDENDUM_V0_2_20260607.md","2432","3D721DD5025270319E47C2E423B30FF04CD09127A7F2974E05DA714FC0F248E1"
"active-chat-drop-helper","current-top-level-helper","C:\Users\13527\Desktop\123\Jxhnny_Kl33N_Seedz\COMMAND_CENTER\UI_LANE\ROOT_DROP_INTAKE_20260611\SOURCE_RAW\Chat_Drop\CHAT_DROP_COPY__HOUSE_SEMANTIC_NERVOUS_SYSTEM_CUSTODY_ANCHOR_ADDENDUM_20260607.md","C:\Users\13527\Desktop\ESO\ESO\ACTIVE_CHAT_DROPS\HELPER_FILES\HOUSE_HELPER_IMPORT_20260612\02_ACTIVE_CHAT_DROP_HELPERS\CHAT_DROP_COPY__HOUSE_SEMANTIC_NERVOUS_SYSTEM_CUSTODY_ANCHOR_ADDENDUM_20260607.md","5025","22CB0E45CFF366B8DDD899218152DB08BDF1F5A71B1DC448FB01ECB48F52AF11"
"active-chat-drop-helper","current-top-level-helper","C:\Users\13527\Desktop\123\Jxhnny_Kl33N_Seedz\COMMAND_CENTER\UI_LANE\ROOT_DROP_INTAKE_20260611\SOURCE_RAW\Chat_Drop\CHAT_DROP_COPY__LIVING_SYSTEM_CHAT_LOAD_MANIFEST_V1.4.md","C:\Users\13527\Desktop\ESO\ESO\ACTIVE_CHAT_DROPS\HELPER_FILES\HOUSE_HELPER_IMPORT_20260612\02_ACTIVE_CHAT_DROP_HELPERS\CHAT_DROP_COPY__LIVING_SYSTEM_CHAT_LOAD_MANIFEST_V1.4.md","1753","3D44FEA7F44DF15EBB260AD882161F5009D95BCDD63AD0D7D7BD0410A6604A62"
"active-chat-drop-helper","current-top-level-helper","C:\Users\13527\Desktop\123\Jxhnny_Kl33N_Seedz\COMMAND_CENTER\UI_LANE\ROOT_DROP_INTAKE_20260611\SOURCE_RAW\Chat_Drop\CHAT_DROP_COPY__LIVING_SYSTEM_CHAT_SOURCE_SUIT_CARD_V1.5.md","C:\Users\13527\Desktop\ESO\ESO\ACTIVE_CHAT_DROPS\HELPER_FILES\HOUSE_HELPER_IMPORT_20260612\02_ACTIVE_CHAT_DROP_HELPERS\CHAT_DROP_COPY__LIVING_SYSTEM_CHAT_SOURCE_SUIT_CARD_V1.5.md","992","E1B8C31E3E5D6C344C45D1F54DEA839AC15871FBEEE883FB6D3D5ABA1E7C1973"
"active-chat-drop-helper","current-top-level-helper","C:\Users\13527\Desktop\123\Jxhnny_Kl33N_Seedz\COMMAND_CENTER\UI_LANE\ROOT_DROP_INTAKE_20260611\SOURCE_RAW\Chat_Drop\CHAT_DROP_COPY__LIVING_SYSTEM_CHAT_SOURCE_URL_LEDGER_MAP_KEY_V1.5.md","C:\Users\13527\Desktop\ESO\ESO\ACTIVE_CHAT_DROPS\HELPER_FILES\HOUSE_HELPER_IMPORT_20260612\02_ACTIVE_CHAT_DROP_HELPERS\CHAT_DROP_COPY__LIVING_SYSTEM_CHAT_SOURCE_URL_LEDGER_MAP_KEY_V1.5.md","3079","BDC9BA4EAC2B07AA7084298727BDEAFF3C30519956A15E3FA558FCC26F1A9130"
"active-chat-drop-helper","current-top-level-helper","C:\Users\13527\Desktop\123\Jxhnny_Kl33N_Seedz\COMMAND_CENTER\UI_LANE\ROOT_DROP_INTAKE_20260611\SOURCE_RAW\Chat_Drop\CHAT_DROP_COPY__LIVING_SYSTEM_DRIFT_REVIEW_LAST_SIX_COPIES_V1.4.md","C:\Users\13527\Desktop\ESO\ESO\ACTIVE_CHAT_DROPS\HELPER_FILES\HOUSE_HELPER_IMPORT_20260612\02_ACTIVE_CHAT_DROP_HELPERS\CHAT_DROP_COPY__LIVING_SYSTEM_DRIFT_REVIEW_LAST_SIX_COPIES_V1.4.md","3303","8CAD0F818271A5A77934E72D6B143DAA274F51517BC0539C1A35F0F029307F8C"
"active-chat-drop-helper","current-top-level-helper","C:\Users\13527\Desktop\123\Jxhnny_Kl33N_Seedz\COMMAND_CENTER\UI_LANE\ROOT_DROP_INTAKE_20260611\SOURCE_RAW\Chat_Drop\CHAT_DROP_COPY__LIVING_SYSTEM_EDWARD_SCISSORHANDS_THINK_TANK_V1.md","C:\Users\13527\Desktop\ESO\ESO\ACTIVE_CHAT_DROPS\HELPER_FILES\HOUSE_HELPER_IMPORT_20260612\02_ACTIVE_CHAT_DROP_HELPERS\CHAT_DROP_COPY__LIVING_SYSTEM_EDWARD_SCISSORHANDS_THINK_TANK_V1.md","19048","2CFC14BB6410DD936700900BF70EA51C135758CCAA2074C6A041DB7C8AEE1925"
"active-chat-drop-helper","current-top-level-helper","C:\Users\13527\Desktop\123\Jxhnny_Kl33N_Seedz\COMMAND_CENTER\UI_LANE\ROOT_DROP_INTAKE_20260611\SOURCE_RAW\Chat_Drop\CHAT_DROP_COPY__LIVING_SYSTEM_FRONT_DOOR_BRIDGE_TUNNEL_SUIT_CARD_V1.4.md","C:\Users\13527\Desktop\ESO\ESO\ACTIVE_CHAT_DROPS\HELPER_FILES\HOUSE_HELPER_IMPORT_20260612\02_ACTIVE_CHAT_DROP_HELPERS\CHAT_DROP_COPY__LIVING_SYSTEM_FRONT_DOOR_BRIDGE_TUNNEL_SUIT_CARD_V1.4.md","1153","BA01FC94C125FA391B55EDCAB5827565D254CA24DA3C42B9B8CBD45E03768600"
"active-chat-drop-helper","current-top-level-helper","C:\Users\13527\Desktop\123\Jxhnny_Kl33N_Seedz\COMMAND_CENTER\UI_LANE\ROOT_DROP_INTAKE_20260611\SOURCE_RAW\Chat_Drop\CHAT_DROP_COPY__LIVING_SYSTEM_SAME_PROCESS_CHECKPOINT_LEDGER_V1.4.md","C:\Users\13527\Desktop\ESO\ESO\ACTIVE_CHAT_DROPS\HELPER_FILES\HOUSE_HELPER_IMPORT_20260612\02_ACTIVE_CHAT_DROP_HELPERS\CHAT_DROP_COPY__LIVING_SYSTEM_SAME_PROCESS_CHECKPOINT_LEDGER_V1.4.md","3551","152246BA2486D87380729F7FBDC73712C30B1A181426B96F43767FF7DC5E3645"
"active-chat-drop-helper","current-top-level-helper","C:\Users\13527\Desktop\123\Jxhnny_Kl33N_Seedz\COMMAND_CENTER\UI_LANE\ROOT_DROP_INTAKE_20260611\SOURCE_RAW\Chat_Drop\CHAT_DROP_COPY__MULE_RAW_CUSTODY_HOUSE_ROUTING_SELF_APPLYING_GATE_ADDENDUM_V0_1_20260607.md","C:\Users\13527\Desktop\ESO\ESO\ACTIVE_CHAT_DROPS\HELPER_FILES\HOUSE_HELPER_IMPORT_20260612\02_ACTIVE_CHAT_DROP_HELPERS\CHAT_DROP_COPY__MULE_RAW_CUSTODY_HOUSE_ROUTING_SELF_APPLYING_GATE_ADDENDUM_V0_1_20260607.md","3834","5EB86A889411E66E7458BE742D4C1DD3590B9F50676103349539619391FEB0B4"
"active-chat-drop-helper","current-top-level-helper","C:\Users\13527\Desktop\123\Jxhnny_Kl33N_Seedz\COMMAND_CENTER\UI_LANE\ROOT_DROP_INTAKE_20260611\SOURCE_RAW\Chat_Drop\CHAT_DROP_COPY__MULE_STANDING_ISSUE_LEDGER_V0_1_20260607.md","C:\Users\13527\Desktop\ESO\ESO\ACTIVE_CHAT_DROPS\HELPER_FILES\HOUSE_HELPER_IMPORT_20260612\02_ACTIVE_CHAT_DROP_HELPERS\CHAT_DROP_COPY__MULE_STANDING_ISSUE_LEDGER_V0_1_20260607.md","6517","2C058FD1920ADCBDAA2A174E8A973624CA1A254C3B0900C5EA2E165AAA4278CC"
"active-chat-drop-helper","current-top-level-helper","C:\Users\13527\Desktop\123\Jxhnny_Kl33N_Seedz\COMMAND_CENTER\UI_LANE\ROOT_DROP_INTAKE_20260611\SOURCE_RAW\Chat_Drop\CHAT_DROP_COPY__ROOT_DROP_INTAKE_WASHER_GATE_RULE_V0_1_20260608.md","C:\Users\13527\Desktop\ESO\ESO\ACTIVE_CHAT_DROPS\HELPER_FILES\HOUSE_HELPER_IMPORT_20260612\02_ACTIVE_CHAT_DROP_HELPERS\CHAT_DROP_COPY__ROOT_DROP_INTAKE_WASHER_GATE_RULE_V0_1_20260608.md","2149","D2D4C11ED6348FE250C3632CC176A90DCBFC9DD1A62283C82168FB5B8A26A596"
"active-chat-drop-helper","current-top-level-helper","C:\Users\13527\Desktop\123\Jxhnny_Kl33N_Seedz\COMMAND_CENTER\UI_LANE\ROOT_DROP_INTAKE_20260611\SOURCE_RAW\Chat_Drop\CHAT_DROP_COPY__SCISSOR_SEW_SMELL_BONE_NERVE_TOOL_GRAMMAR_CANDIDATE_V1.md","C:\Users\13527\Desktop\ESO\ESO\ACTIVE_CHAT_DROPS\HELPER_FILES\HOUSE_HELPER_IMPORT_20260612\02_ACTIVE_CHAT_DROP_HELPERS\CHAT_DROP_COPY__SCISSOR_SEW_SMELL_BONE_NERVE_TOOL_GRAMMAR_CANDIDATE_V1.md","2042","8B5374A64945D08E5F2498E6B8E0402924268884EAEC347781901FE18715D5DE"
"active-chat-drop-helper","current-top-level-helper","C:\Users\13527\Desktop\123\Jxhnny_Kl33N_Seedz\COMMAND_CENTER\UI_LANE\ROOT_DROP_INTAKE_20260611\SOURCE_RAW\Chat_Drop\CHAT_DROP_COPY__TWO_LOCATION_CHAT_DROP_AND_HELPER_PREFLIGHT_RULE_ADDENDUM_20260607.md","C:\Users\13527\Desktop\ESO\ESO\ACTIVE_CHAT_DROPS\HELPER_FILES\HOUSE_HELPER_IMPORT_20260612\02_ACTIVE_CHAT_DROP_HELPERS\CHAT_DROP_COPY__TWO_LOCATION_CHAT_DROP_AND_HELPER_PREFLIGHT_RULE_ADDENDUM_20260607.md","2885","C48A36CAB7918F9775FB5B7685AC9E7ED2599D8EC8B4A3E6E9D2297CFBC08BC5"
"front-door-ledger","cockpit-card","C:\Users\13527\Desktop\123\_CHAT_DROPS\CHAT_DROP_COPY__CHAT_HOUSE_RULES_COCKPIT_CARD_APPLIED_20260522.md","C:\Users\13527\Desktop\ESO\ESO\ACTIVE_CHAT_DROPS\HELPER_FILES\HOUSE_HELPER_IMPORT_20260612\01_OBSERVER_AND_FRONT_DOOR_LEDGERS\CHAT_DROP_COPY__CHAT_HOUSE_RULES_COCKPIT_CARD_APPLIED_20260522.md","18996","D5A687EDB431EC4D830285F6D25EEFEDAC442D0AA7E7B34768414C8D7837DA76"
"helper-context-script","copied-review-before-run-no-execution","C:\Users\13527\Desktop\123\_TOOLS_AND_SCRIPTS\HELPER_CONTEXT_ORGANIZE_20260531\ORGANIZE_EXISTING_HELPER_CONTEXT_AUTHORITY_PROOF_PACK_20260531_MANIFEST.txt","C:\Users\13527\Desktop\ESO\ESO\ACTIVE_CHAT_DROPS\HELPER_FILES\HOUSE_HELPER_IMPORT_20260612\06_REVIEW_BEFORE_RUN_CONTEXT_ORGANIZE\ORGANIZE_EXISTING_HELPER_CONTEXT_AUTHORITY_PROOF_PACK_20260531_MANIFEST.txt","521","32C5D332476E9D3A502AC6C17F510A9BA3AA2BA44E471EAF167F005D747321CC"
"helper-context-script","copied-review-before-run-no-execution","C:\Users\13527\Desktop\123\_TOOLS_AND_SCRIPTS\HELPER_CONTEXT_ORGANIZE_20260531\ORGANIZE_EXISTING_HELPER_CONTEXT_AUTHORITY_PROOF_PACK_20260531_V1_1_MANIFEST.txt","C:\Users\13527\Desktop\ESO\ESO\ACTIVE_CHAT_DROPS\HELPER_FILES\HOUSE_HELPER_IMPORT_20260612\06_REVIEW_BEFORE_RUN_CONTEXT_ORGANIZE\ORGANIZE_EXISTING_HELPER_CONTEXT_AUTHORITY_PROOF_PACK_20260531_V1_1_MANIFEST.txt","600","FA366114D7778D513A23D1A4D27B6114DB1F11A9884D4FD56DCCB3D0F463DF8D"
"helper-context-script","copied-review-before-run-no-execution","C:\Users\13527\Desktop\123\_TOOLS_AND_SCRIPTS\HELPER_CONTEXT_ORGANIZE_20260531\ORGANIZE_EXISTING_HELPER_CONTEXT_AUTHORITY_PROOF_PACK_20260531_V1_1.ps1","C:\Users\13527\Desktop\ESO\ESO\ACTIVE_CHAT_DROPS\HELPER_FILES\HOUSE_HELPER_IMPORT_20260612\06_REVIEW_BEFORE_RUN_CONTEXT_ORGANIZE\ORGANIZE_EXISTING_HELPER_CONTEXT_AUTHORITY_PROOF_PACK_20260531_V1_1.ps1","8960","126E069CC670341DF1765DA5A26E3AF07DEFDBBE92D33E176F1A942CA11D1908"
"helper-context-script","copied-review-before-run-no-execution","C:\Users\13527\Desktop\123\_TOOLS_AND_SCRIPTS\HELPER_CONTEXT_ORGANIZE_20260531\ORGANIZE_EXISTING_HELPER_CONTEXT_AUTHORITY_PROOF_PACK_20260531.ps1","C:\Users\13527\Desktop\ESO\ESO\ACTIVE_CHAT_DROPS\HELPER_FILES\HOUSE_HELPER_IMPORT_20260612\06_REVIEW_BEFORE_RUN_CONTEXT_ORGANIZE\ORGANIZE_EXISTING_HELPER_CONTEXT_AUTHORITY_PROOF_PACK_20260531.ps1","7976","94B836238820A954D9C6E7EC5388BBA9376FE30DF1E07CE8FA77DDDA65D09F29"
"helper-tool-script","copied-review-before-run-no-execution","C:\Users\13527\Desktop\123\_TOOLS_AND_SCRIPTS\HELPER_TOOL_CODES\02_TESTED_WORKING_TOOLS\ERROR_TRIGGERED_HELPER_HARVEST_GATE_V1_1_20260606\ERROR_TRIGGERED_HELPER_HARVEST_GATE_V1_1_20260606.ps1","C:\Users\13527\Desktop\ESO\ESO\ACTIVE_CHAT_DROPS\HELPER_FILES\HOUSE_HELPER_IMPORT_20260612\05_REVIEW_BEFORE_RUN_HELPER_TOOLS\ERROR_TRIGGERED_HELPER_HARVEST_GATE_V1_1_20260606\ERROR_TRIGGERED_HELPER_HARVEST_GATE_V1_1_20260606.ps1","20659","244558C84AC69B179C3E52C3C48B44A2F928D94C266B82876876DAB2F50C58D2"
"helper-tool-script","copied-review-before-run-no-execution","C:\Users\13527\Desktop\123\_TOOLS_AND_SCRIPTS\HELPER_TOOL_CODES\02_TESTED_WORKING_TOOLS\ERROR_TRIGGERED_HELPER_HARVEST_GATE_V1_1_20260606\README__ERROR_TRIGGERED_HELPER_HARVEST_GATE_V1_1_20260606.md","C:\Users\13527\Desktop\ESO\ESO\ACTIVE_CHAT_DROPS\HELPER_FILES\HOUSE_HELPER_IMPORT_20260612\05_REVIEW_BEFORE_RUN_HELPER_TOOLS\ERROR_TRIGGERED_HELPER_HARVEST_GATE_V1_1_20260606\README__ERROR_TRIGGERED_HELPER_HARVEST_GATE_V1_1_20260606.md","590","3ED756DBC4204AF591A2E4B431821462C71B579DF6B3266E8C5E20719F1F88AD"
"helper-tool-script","copied-review-before-run-no-execution","C:\Users\13527\Desktop\123\_TOOLS_AND_SCRIPTS\HELPER_TOOL_CODES\02_TESTED_WORKING_TOOLS\HUMAN_GATE_REVIEW_TOOL_PAIR_V1_20260606\COPY_HUMAN_GATE_REVIEW_SNAPSHOT_SECTIONS_COMMAND_CENTER_UI_LANE_20260606.ps1","C:\Users\13527\Desktop\ESO\ESO\ACTIVE_CHAT_DROPS\HELPER_FILES\HOUSE_HELPER_IMPORT_20260612\05_REVIEW_BEFORE_RUN_HELPER_TOOLS\HUMAN_GATE_REVIEW_TOOL_PAIR_V1_20260606\COPY_HUMAN_GATE_REVIEW_SNAPSHOT_SECTIONS_COMMAND_CENTER_UI_LANE_20260606.ps1","4488","5A93C305257522AE140176E85A0BF166943F18FAAFB6B8A66E784F41A426C435"
"helper-tool-script","copied-review-before-run-no-execution","C:\Users\13527\Desktop\123\_TOOLS_AND_SCRIPTS\HELPER_TOOL_CODES\02_TESTED_WORKING_TOOLS\HUMAN_GATE_REVIEW_TOOL_PAIR_V1_20260606\README_COMMAND_CENTER_UI_LANE_HUMAN_GATE_REVIEW_TOOLS_20260606.md","C:\Users\13527\Desktop\ESO\ESO\ACTIVE_CHAT_DROPS\HELPER_FILES\HOUSE_HELPER_IMPORT_20260612\05_REVIEW_BEFORE_RUN_HELPER_TOOLS\HUMAN_GATE_REVIEW_TOOL_PAIR_V1_20260606\README_COMMAND_CENTER_UI_LANE_HUMAN_GATE_REVIEW_TOOLS_20260606.md","1313","FE83AD2318A91F3F605355D67F44FFD4ED1EA34B06BFF971DD14330EA6190536"
"helper-tool-script","copied-review-before-run-no-execution","C:\Users\13527\Desktop\123\_TOOLS_AND_SCRIPTS\HELPER_TOOL_CODES\02_TESTED_WORKING_TOOLS\HUMAN_GATE_REVIEW_TOOL_PAIR_V1_20260606\RUN_HUMAN_GATE_REVIEW_PAIR_COMMAND_CENTER_UI_LANE_20260606.ps1","C:\Users\13527\Desktop\ESO\ESO\ACTIVE_CHAT_DROPS\HELPER_FILES\HOUSE_HELPER_IMPORT_20260612\05_REVIEW_BEFORE_RUN_HELPER_TOOLS\HUMAN_GATE_REVIEW_TOOL_PAIR_V1_20260606\RUN_HUMAN_GATE_REVIEW_PAIR_COMMAND_CENTER_UI_LANE_20260606.ps1","1151","D9C36132186C9D67FE3571812E15025B518611A5D75B5D1D46A606A3C2EA2BB5"
"helper-tool-script","copied-review-before-run-no-execution","C:\Users\13527\Desktop\123\_TOOLS_AND_SCRIPTS\HELPER_TOOL_CODES\02_TESTED_WORKING_TOOLS\HUMAN_GATE_REVIEW_TOOL_PAIR_V1_20260606\WRITE_HUMAN_GATE_REVIEW_SNAPSHOT_COMMAND_CENTER_UI_LANE_20260606.ps1","C:\Users\13527\Desktop\ESO\ESO\ACTIVE_CHAT_DROPS\HELPER_FILES\HOUSE_HELPER_IMPORT_20260612\05_REVIEW_BEFORE_RUN_HELPER_TOOLS\HUMAN_GATE_REVIEW_TOOL_PAIR_V1_20260606\WRITE_HUMAN_GATE_REVIEW_SNAPSHOT_COMMAND_CENTER_UI_LANE_20260606.ps1","11290","75509F1DD4CBFE836BA0AA4C7384A2354CF7F0E6007CFEC02E3D4EFBB34CD84C"
"helper-tool-script","copied-review-before-run-no-execution","C:\Users\13527\Desktop\123\_TOOLS_AND_SCRIPTS\HELPER_TOOL_CODES\02_TESTED_WORKING_TOOLS\OPEN_COPY_CLOSE_TEMP_VSCODE_VIEWER_V1_20260606\OPEN_COPY_CLOSE_TEMP_VSCODE_VIEWER_V1_20260606.ps1","C:\Users\13527\Desktop\ESO\ESO\ACTIVE_CHAT_DROPS\HELPER_FILES\HOUSE_HELPER_IMPORT_20260612\05_REVIEW_BEFORE_RUN_HELPER_TOOLS\OPEN_COPY_CLOSE_TEMP_VSCODE_VIEWER_V1_20260606\OPEN_COPY_CLOSE_TEMP_VSCODE_VIEWER_V1_20260606.ps1","10858","C00517C02D1FDC74BCECF23C550F63C8EC8BC83A80B9DA33023B294B4790BA5F"
"helper-tool-script","copied-review-before-run-no-execution","C:\Users\13527\Desktop\123\_TOOLS_AND_SCRIPTS\HELPER_TOOL_CODES\02_TESTED_WORKING_TOOLS\OPEN_COPY_CLOSE_TEMP_VSCODE_VIEWER_V1_20260606\README__OPEN_COPY_CLOSE_TEMP_VSCODE_VIEWER_V1_20260606.md","C:\Users\13527\Desktop\ESO\ESO\ACTIVE_CHAT_DROPS\HELPER_FILES\HOUSE_HELPER_IMPORT_20260612\05_REVIEW_BEFORE_RUN_HELPER_TOOLS\OPEN_COPY_CLOSE_TEMP_VSCODE_VIEWER_V1_20260606\README__OPEN_COPY_CLOSE_TEMP_VSCODE_VIEWER_V1_20260606.md","1292","27DE912AFFBA33F05925BF5F96C4DC0CF34114B46A02D8563A68BC12B49A617F"
"observer-ledger","preserved-observer-ledger","C:\Users\13527\Desktop\123\_CHAT_DROPS\CHAT_DROP_COPY__HOUSE_OBSERVER_RECEPTIONIST_LEDGER_V0_1_20260611.md","C:\Users\13527\Desktop\ESO\ESO\ACTIVE_CHAT_DROPS\HELPER_FILES\HOUSE_HELPER_IMPORT_20260612\01_OBSERVER_AND_FRONT_DOOR_LEDGERS\CHAT_DROP_COPY__HOUSE_OBSERVER_RECEPTIONIST_LEDGER_V0_1_20260611.md","10656","F0261C50C168E42741179C7762C28C2A5EC4B04CD455607A6B4752539993DA56"
"observer-ledger","current-observer-ledger","C:\Users\13527\Desktop\123\_CHAT_DROPS\CHAT_DROP_COPY__HOUSE_OBSERVER_RECEPTIONIST_LEDGER_V0_2_20260611.md","C:\Users\13527\Desktop\ESO\ESO\ACTIVE_CHAT_DROPS\HELPER_FILES\HOUSE_HELPER_IMPORT_20260612\01_OBSERVER_AND_FRONT_DOOR_LEDGERS\CHAT_DROP_COPY__HOUSE_OBSERVER_RECEPTIONIST_LEDGER_V0_2_20260611.md","18222","17850BE80FB34A56F21DD685B4D07CA00533F26425F36CC63FB710E5559BD1B2"
"preflight-rule","helper-surface-preflight","C:\Users\13527\Desktop\123\Jxhnny_Kl33N_Seedz\HOUSE_WORK\PROJECT_COMMAND_CENTER_UI_LANE\HELPER_FILE_SURFACE_PREFLIGHT_20260606\HELPER_FILE_PREFLIGHT__HELPER_FILE_SURFACE_PREFLIGHT_20260606.md","C:\Users\13527\Desktop\ESO\ESO\ACTIVE_CHAT_DROPS\HELPER_FILES\HOUSE_HELPER_IMPORT_20260612\03_PREFLIGHT_AND_PROOF_RULES\HELPER_FILE_PREFLIGHT__HELPER_FILE_SURFACE_PREFLIGHT_20260606.md","14769","C3B1C54D4B8AB8AFAC14F8CF8349B2407AA1A99B00E8362A925A0D888AD3BC02"
"preflight-rule","helper-use-proof-rule","C:\Users\13527\Desktop\123\Jxhnny_Kl33N_Seedz\HOUSE_WORK\PROJECT_COMMAND_CENTER_UI_LANE\HELPER_FILE_SURFACE_PREFLIGHT_20260606\HELPER_USE_PROOF_PREFLIGHT_RULE_V0_1_20260608.md","C:\Users\13527\Desktop\ESO\ESO\ACTIVE_CHAT_DROPS\HELPER_FILES\HOUSE_HELPER_IMPORT_20260612\03_PREFLIGHT_AND_PROOF_RULES\HELPER_USE_PROOF_PREFLIGHT_RULE_V0_1_20260608.md","1151","3BB897BF2489F47AB005A38024B000DC84D2D0B0DD934F9427024FDA0E27EED8"
"support-chat-drop-history","small-support-history-copy","C:\Users\13527\Desktop\123\_CHAT_DROPS\CHAT_DROP_COPY__LOCAL_PERSON_RESEARCH_ROOM_EXPORT_V1.1\LOCAL_PERSON_RESEARCH_ROOM_20260524_MANIFEST_V1.1.txt","C:\Users\13527\Desktop\ESO\ESO\ACTIVE_CHAT_DROPS\HELPER_FILES\HOUSE_HELPER_IMPORT_20260612\07_SUPPORT_CHAT_DROP_HISTORY\CHAT_DROP_COPY__LOCAL_PERSON_RESEARCH_ROOM_EXPORT_V1.1\LOCAL_PERSON_RESEARCH_ROOM_20260524_MANIFEST_V1.1.txt","11278","072C9E6CF479E0904152AB2B91826A2A394B6E394FE0E9655EEA43F8FD30C40D"
"support-chat-drop-history","small-support-history-copy","C:\Users\13527\Desktop\123\_CHAT_DROPS\CHAT_DROP_COPY__LOCAL_PERSON_RESEARCH_ROOM_EXPORT_V1.1\LOCAL_PERSON_RESEARCH_ROOM_20260524_V1.1.zip","C:\Users\13527\Desktop\ESO\ESO\ACTIVE_CHAT_DROPS\HELPER_FILES\HOUSE_HELPER_IMPORT_20260612\07_SUPPORT_CHAT_DROP_HISTORY\CHAT_DROP_COPY__LOCAL_PERSON_RESEARCH_ROOM_EXPORT_V1.1\LOCAL_PERSON_RESEARCH_ROOM_20260524_V1.1.zip","1078378","E8084AB12BE55DA920F6C8DB8B2E6A4FCCF6ABEBB0F7502D048473FF36414642"
"support-chat-drop-history","small-support-history-copy","C:\Users\13527\Desktop\123\_CHAT_DROPS\CHAT_DROP_COPY__LOCAL_PERSON_RESEARCH_ROOM_EXPORT_V1.1\ZIP_SHA256_V1.1.txt","C:\Users\13527\Desktop\ESO\ESO\ACTIVE_CHAT_DROPS\HELPER_FILES\HOUSE_HELPER_IMPORT_20260612\07_SUPPORT_CHAT_DROP_HISTORY\CHAT_DROP_COPY__LOCAL_PERSON_RESEARCH_ROOM_EXPORT_V1.1\ZIP_SHA256_V1.1.txt","242","B6D6D78E17C710D95B4774FE2338A8842669470CCD47BE635A66CDE90906A38F"
"support-chat-drop-history","small-support-history-copy","C:\Users\13527\Desktop\123\_CHAT_DROPS\CHAT_DROP_COPY__LOCAL_PERSON_RESEARCH_ROOM_EXPORT_V1\LOCAL_PERSON_RESEARCH_ROOM_20260524_MANIFEST_V1.txt","C:\Users\13527\Desktop\ESO\ESO\ACTIVE_CHAT_DROPS\HELPER_FILES\HOUSE_HELPER_IMPORT_20260612\07_SUPPORT_CHAT_DROP_HISTORY\CHAT_DROP_COPY__LOCAL_PERSON_RESEARCH_ROOM_EXPORT_V1\LOCAL_PERSON_RESEARCH_ROOM_20260524_MANIFEST_V1.txt","1360","C54768FA6EBE11E77AA43C8102B212E422445B4F1E929B6E602E2C65C4D9C36C"
"support-chat-drop-history","small-support-history-copy","C:\Users\13527\Desktop\123\_CHAT_DROPS\CHAT_DROP_COPY__LOCAL_PERSON_RESEARCH_ROOM_EXPORT_V1\LOCAL_PERSON_RESEARCH_ROOM_20260524_V1.zip","C:\Users\13527\Desktop\ESO\ESO\ACTIVE_CHAT_DROPS\HELPER_FILES\HOUSE_HELPER_IMPORT_20260612\07_SUPPORT_CHAT_DROP_HISTORY\CHAT_DROP_COPY__LOCAL_PERSON_RESEARCH_ROOM_EXPORT_V1\LOCAL_PERSON_RESEARCH_ROOM_20260524_V1.zip","37329","E81E448C348DBCF9D81760400FF40358C40A02EC06EE308D08AAA7266E628FF6"
"support-chat-drop-history","small-support-history-copy","C:\Users\13527\Desktop\123\_CHAT_DROPS\CHAT_DROP_COPY__LOCAL_PERSON_RESEARCH_ROOM_EXPORT_V1\ZIP_SHA256_V1.txt","C:\Users\13527\Desktop\ESO\ESO\ACTIVE_CHAT_DROPS\HELPER_FILES\HOUSE_HELPER_IMPORT_20260612\07_SUPPORT_CHAT_DROP_HISTORY\CHAT_DROP_COPY__LOCAL_PERSON_RESEARCH_ROOM_EXPORT_V1\ZIP_SHA256_V1.txt","238","587A97EB6A531E1C35079B2CF24CCEA795AB63F349F1DA883CD4C007A4298300"
"support-chat-drop-history","small-support-history-copy","C:\Users\13527\Desktop\123\_CHAT_DROPS\MULE_HANDOFFS_20260531\MULE_HANDOFF_HOUSE_DOCK_CONTROL_ROOM_SEED_BUILD_20260531_MANIFEST.txt","C:\Users\13527\Desktop\ESO\ESO\ACTIVE_CHAT_DROPS\HELPER_FILES\HOUSE_HELPER_IMPORT_20260612\07_SUPPORT_CHAT_DROP_HISTORY\MULE_HANDOFFS_20260531\MULE_HANDOFF_HOUSE_DOCK_CONTROL_ROOM_SEED_BUILD_20260531_MANIFEST.txt","389","7A18FB5A6F0F54D71D798127A868550D5229A8ED760CCCE745981AD669F4DD7E"
"support-chat-drop-history","small-support-history-copy","C:\Users\13527\Desktop\123\_CHAT_DROPS\MULE_HANDOFFS_20260531\MULE_HANDOFF_HOUSE_DOCK_CONTROL_ROOM_SEED_BUILD_20260531.md","C:\Users\13527\Desktop\ESO\ESO\ACTIVE_CHAT_DROPS\HELPER_FILES\HOUSE_HELPER_IMPORT_20260612\07_SUPPORT_CHAT_DROP_HISTORY\MULE_HANDOFFS_20260531\MULE_HANDOFF_HOUSE_DOCK_CONTROL_ROOM_SEED_BUILD_20260531.md","6220","73253D682A52811E4FAAF3EB4756FAF39EEC3A207D3119C90A1C71E96C200EFA"
"support-chat-drop-history","small-support-history-copy","C:\Users\13527\Desktop\123\_CHAT_DROPS\MULE_HANDOFFS_20260531\mule.txt","C:\Users\13527\Desktop\ESO\ESO\ACTIVE_CHAT_DROPS\HELPER_FILES\HOUSE_HELPER_IMPORT_20260612\07_SUPPORT_CHAT_DROP_HISTORY\MULE_HANDOFFS_20260531\mule.txt","1675","8D48F319E263B196EE91C0AB6A01012A2169256EE162791B9483605D11242143"
"support-chat-drop-history","small-support-history-copy","C:\Users\13527\Desktop\123\_CHAT_DROPS\ROOT_CLEANOUT_DROP_COPY_20260530_200513\CHAT_DROP_COPY__CHAT_HOUSE_RULES_COCKPIT_CARD_APPLIED_20260522 - Copy.md","C:\Users\13527\Desktop\ESO\ESO\ACTIVE_CHAT_DROPS\HELPER_FILES\HOUSE_HELPER_IMPORT_20260612\07_SUPPORT_CHAT_DROP_HISTORY\ROOT_CLEANOUT_DROP_COPY_20260530_200513\CHAT_DROP_COPY__CHAT_HOUSE_RULES_COCKPIT_CARD_APPLIED_20260522 - Copy.md","26889","9C01E3CE1627D0E93613CE2DC460C6EFDCE5396E58001DC75A2399E951A5F37C"
"support-chat-drop-history","small-support-history-copy","C:\Users\13527\Desktop\123\_CHAT_DROPS\ROOT_CLEANOUT_DROP_COPY_20260530_200513\CHAT_DROP_COPY__CHAT_HOUSE_RULES_COCKPIT_CARD_APPLIED_20260522.md","C:\Users\13527\Desktop\ESO\ESO\ACTIVE_CHAT_DROPS\HELPER_FILES\HOUSE_HELPER_IMPORT_20260612\07_SUPPORT_CHAT_DROP_HISTORY\ROOT_CLEANOUT_DROP_COPY_20260530_200513\CHAT_DROP_COPY__CHAT_HOUSE_RULES_COCKPIT_CARD_APPLIED_20260522.md","29594","FEE5921B63C1825D53A6607FEBC449FCA9758E99863AC1085F17E0261675E55B"
"support-chat-drop-history","small-support-history-copy","C:\Users\13527\Desktop\123\_CHAT_DROPS\ROOT_CLEANOUT_DROP_COPY_20260530_200513\CHAT_DROP_COPY__CODE_GATE_WARNING_JUDGMENT_HOUSE_FLOW_V1.md","C:\Users\13527\Desktop\ESO\ESO\ACTIVE_CHAT_DROPS\HELPER_FILES\HOUSE_HELPER_IMPORT_20260612\07_SUPPORT_CHAT_DROP_HISTORY\ROOT_CLEANOUT_DROP_COPY_20260530_200513\CHAT_DROP_COPY__CODE_GATE_WARNING_JUDGMENT_HOUSE_FLOW_V1.md","13979","FF51390F3F2934514551131D297C8657D977F98D352A3A3B70E0FE426CD82994"
"support-chat-drop-history","small-support-history-copy","C:\Users\13527\Desktop\123\_CHAT_DROPS\ROOT_CLEANOUT_DROP_COPY_20260530_200513\CHAT_DROP_COPY__EXPOSURE_TRIGGERS_POWERPLAY_CRIME_SCENE_RULE_V1.md","C:\Users\13527\Desktop\ESO\ESO\ACTIVE_CHAT_DROPS\HELPER_FILES\HOUSE_HELPER_IMPORT_20260612\07_SUPPORT_CHAT_DROP_HISTORY\ROOT_CLEANOUT_DROP_COPY_20260530_200513\CHAT_DROP_COPY__EXPOSURE_TRIGGERS_POWERPLAY_CRIME_SCENE_RULE_V1.md","1408","1D6EF82107BC44F5F6EDA5896AF29E1CC79A3800152C283C95A54060D2620E54"
"support-chat-drop-history","small-support-history-copy","C:\Users\13527\Desktop\123\_CHAT_DROPS\ROOT_CLEANOUT_DROP_COPY_20260530_200513\CHAT_DROP_COPY__HELPER_GROWTH_CHAIN_FLIGHT_RECORDER_CHECKPOINT_KEY_2E6F99ED9EFE_20260530 - Copy.md","C:\Users\13527\Desktop\ESO\ESO\ACTIVE_CHAT_DROPS\HELPER_FILES\HOUSE_HELPER_IMPORT_20260612\07_SUPPORT_CHAT_DROP_HISTORY\ROOT_CLEANOUT_DROP_COPY_20260530_200513\CHAT_DROP_COPY__HELPER_GROWTH_CHAIN_FLIGHT_RECORDER_CHECKPOINT_KEY_2E6F99ED9EFE_20260530 - Copy.md","1046","453C3D34F0A03B1A1ABA4D63DD9AEE61548472775802FEF207D6420CDF8D8073"
"support-chat-drop-history","small-support-history-copy","C:\Users\13527\Desktop\123\_CHAT_DROPS\ROOT_CLEANOUT_DROP_COPY_20260530_200513\CHAT_DROP_COPY__HELPER_GROWTH_CHAIN_FLIGHT_RECORDER_CHECKPOINT_KEY_2E6F99ED9EFE_20260530.md","C:\Users\13527\Desktop\ESO\ESO\ACTIVE_CHAT_DROPS\HELPER_FILES\HOUSE_HELPER_IMPORT_20260612\07_SUPPORT_CHAT_DROP_HISTORY\ROOT_CLEANOUT_DROP_COPY_20260530_200513\CHAT_DROP_COPY__HELPER_GROWTH_CHAIN_FLIGHT_RECORDER_CHECKPOINT_KEY_2E6F99ED9EFE_20260530.md","1046","453C3D34F0A03B1A1ABA4D63DD9AEE61548472775802FEF207D6420CDF8D8073"
"support-chat-drop-history","small-support-history-copy","C:\Users\13527\Desktop\123\_CHAT_DROPS\ROOT_CLEANOUT_DROP_COPY_20260530_200513\CHAT_DROP_COPY__HELPER_GROWTH_CHAIN_FLIGHT_RECORDER_V1_3_KEY_2E6F99ED9EFE_20260530 - Copy.md","C:\Users\13527\Desktop\ESO\ESO\ACTIVE_CHAT_DROPS\HELPER_FILES\HOUSE_HELPER_IMPORT_20260612\07_SUPPORT_CHAT_DROP_HISTORY\ROOT_CLEANOUT_DROP_COPY_20260530_200513\CHAT_DROP_COPY__HELPER_GROWTH_CHAIN_FLIGHT_RECORDER_V1_3_KEY_2E6F99ED9EFE_20260530 - Copy.md","1135","A9FBE13E2A733BA4643B509EE399F029C2D89D0052CAEF8BEAB200852776D9D0"
"support-chat-drop-history","small-support-history-copy","C:\Users\13527\Desktop\123\_CHAT_DROPS\ROOT_CLEANOUT_DROP_COPY_20260530_200513\CHAT_DROP_COPY__HELPER_GROWTH_CHAIN_FLIGHT_RECORDER_V1_3_KEY_2E6F99ED9EFE_20260530.md","C:\Users\13527\Desktop\ESO\ESO\ACTIVE_CHAT_DROPS\HELPER_FILES\HOUSE_HELPER_IMPORT_20260612\07_SUPPORT_CHAT_DROP_HISTORY\ROOT_CLEANOUT_DROP_COPY_20260530_200513\CHAT_DROP_COPY__HELPER_GROWTH_CHAIN_FLIGHT_RECORDER_V1_3_KEY_2E6F99ED9EFE_20260530.md","1135","A9FBE13E2A733BA4643B509EE399F029C2D89D0052CAEF8BEAB200852776D9D0"
"support-chat-drop-history","small-support-history-copy","C:\Users\13527\Desktop\123\_CHAT_DROPS\ROOT_CLEANOUT_DROP_COPY_20260530_200513\CHAT_DROP_COPY__MAX10_BATCH_SCALE_STEP_AUDIT_LEDGER_V1.md","C:\Users\13527\Desktop\ESO\ESO\ACTIVE_CHAT_DROPS\HELPER_FILES\HOUSE_HELPER_IMPORT_20260612\07_SUPPORT_CHAT_DROP_HISTORY\ROOT_CLEANOUT_DROP_COPY_20260530_200513\CHAT_DROP_COPY__MAX10_BATCH_SCALE_STEP_AUDIT_LEDGER_V1.md","2976","6765949D013286866AE853E0F2C66A87CA2BE23F428A3537A570FEA6F7C999C2"
"support-chat-drop-history","small-support-history-copy","C:\Users\13527\Desktop\123\_CHAT_DROPS\ROOT_CLEANOUT_DROP_COPY_20260530_200513\CHAT_DROP_COPY__MAX10_BATCH_SCALE_STEP_AUDIT_SUIT_CARD_V1.md","C:\Users\13527\Desktop\ESO\ESO\ACTIVE_CHAT_DROPS\HELPER_FILES\HOUSE_HELPER_IMPORT_20260612\07_SUPPORT_CHAT_DROP_HISTORY\ROOT_CLEANOUT_DROP_COPY_20260530_200513\CHAT_DROP_COPY__MAX10_BATCH_SCALE_STEP_AUDIT_SUIT_CARD_V1.md","3073","97F65EE8EA77B065CFD29DA0F815CBDB1E60E484851C5ACF4CB7DE23A3159A0B"
"support-chat-drop-history","small-support-history-copy","C:\Users\13527\Desktop\123\_CHAT_DROPS\ROOT_CLEANOUT_DROP_COPY_20260530_200513\CHAT_DROP_COPY__MAX8_BATCH_SCALE_STEP_AUDIT_LEDGER_V1.md","C:\Users\13527\Desktop\ESO\ESO\ACTIVE_CHAT_DROPS\HELPER_FILES\HOUSE_HELPER_IMPORT_20260612\07_SUPPORT_CHAT_DROP_HISTORY\ROOT_CLEANOUT_DROP_COPY_20260530_200513\CHAT_DROP_COPY__MAX8_BATCH_SCALE_STEP_AUDIT_LEDGER_V1.md","2551","8B2D678F2A4DC583CADBEE700EE90EF0C17173B6667D1A981CC84F8447583EDD"
"support-chat-drop-history","small-support-history-copy","C:\Users\13527\Desktop\123\_CHAT_DROPS\ROOT_CLEANOUT_DROP_COPY_20260530_200513\CHAT_DROP_COPY__MAX8_BATCH_SCALE_STEP_AUDIT_SUIT_CARD_V1.md","C:\Users\13527\Desktop\ESO\ESO\ACTIVE_CHAT_DROPS\HELPER_FILES\HOUSE_HELPER_IMPORT_20260612\07_SUPPORT_CHAT_DROP_HISTORY\ROOT_CLEANOUT_DROP_COPY_20260530_200513\CHAT_DROP_COPY__MAX8_BATCH_SCALE_STEP_AUDIT_SUIT_CARD_V1.md","2563","5D7FE65D3F69B334B7EA610968D34192DC9423AFFB1AFF5153864BECBCB15068"
"support-chat-drop-history","small-support-history-copy","C:\Users\13527\Desktop\123\_CHAT_DROPS\ROOT_CLEANOUT_DROP_COPY_20260530_200513\CHAT_DROP_COPY__POWERSHELL_OPERATOR_BINDING_GUARD_V1.md","C:\Users\13527\Desktop\ESO\ESO\ACTIVE_CHAT_DROPS\HELPER_FILES\HOUSE_HELPER_IMPORT_20260612\07_SUPPORT_CHAT_DROP_HISTORY\ROOT_CLEANOUT_DROP_COPY_20260530_200513\CHAT_DROP_COPY__POWERSHELL_OPERATOR_BINDING_GUARD_V1.md","1497","B907679A6C14B49187F04E971AB6D5B9752C4BBBC409E8256A12DA57CF24443B"
"support-chat-drop-history","small-support-history-copy","C:\Users\13527\Desktop\123\_CHAT_DROPS\ROOT_CLEANOUT_DROP_COPY_20260530_200513\CHAT_DROP_COPY__RAINBOW_ROAD_ENTRY_RULE_V1.md","C:\Users\13527\Desktop\ESO\ESO\ACTIVE_CHAT_DROPS\HELPER_FILES\HOUSE_HELPER_IMPORT_20260612\07_SUPPORT_CHAT_DROP_HISTORY\ROOT_CLEANOUT_DROP_COPY_20260530_200513\CHAT_DROP_COPY__RAINBOW_ROAD_ENTRY_RULE_V1.md","3703","AB2CE58DCDF3FF8EBFC180548E8D6B8CDFCA31C4383568455CDDC28E3FAEC7B9"
"support-chat-drop-history","small-support-history-copy","C:\Users\13527\Desktop\123\_CHAT_DROPS\ROOT_CLEANOUT_DROP_COPY_20260530_200513\CHAT_DROP_COPY__SCALE_STEP_CHAIN_PROOF_REVIEW_LEDGER_V1.md","C:\Users\13527\Desktop\ESO\ESO\ACTIVE_CHAT_DROPS\HELPER_FILES\HOUSE_HELPER_IMPORT_20260612\07_SUPPORT_CHAT_DROP_HISTORY\ROOT_CLEANOUT_DROP_COPY_20260530_200513\CHAT_DROP_COPY__SCALE_STEP_CHAIN_PROOF_REVIEW_LEDGER_V1.md","998","D77A9A497AD3681861B8CB34FE6D7CBA242396F7D493DEEFFE3D85F5799EDFBC"
"support-chat-drop-history","small-support-history-copy","C:\Users\13527\Desktop\123\_CHAT_DROPS\ROOT_CLEANOUT_DROP_COPY_20260530_200513\CHAT_DROP_COPY__SCALE_STEP_CHAIN_PROOF_REVIEW_SUIT_CARD_V1.md","C:\Users\13527\Desktop\ESO\ESO\ACTIVE_CHAT_DROPS\HELPER_FILES\HOUSE_HELPER_IMPORT_20260612\07_SUPPORT_CHAT_DROP_HISTORY\ROOT_CLEANOUT_DROP_COPY_20260530_200513\CHAT_DROP_COPY__SCALE_STEP_CHAIN_PROOF_REVIEW_SUIT_CARD_V1.md","1351","902623DDF5BCC9421A2ABF305A834D7AA403875E12FA30B96F0CCAC9A5990EA6"
"support-chat-drop-history","small-support-history-copy","C:\Users\13527\Desktop\123\_CHAT_DROPS\ROOT_CLEANOUT_DROP_COPY_20260530_200513\CHAT_DROP_COPY__SWIFT_SCAN_ROOM_ORDER_MAP_V1.md","C:\Users\13527\Desktop\ESO\ESO\ACTIVE_CHAT_DROPS\HELPER_FILES\HOUSE_HELPER_IMPORT_20260612\07_SUPPORT_CHAT_DROP_HISTORY\ROOT_CLEANOUT_DROP_COPY_20260530_200513\CHAT_DROP_COPY__SWIFT_SCAN_ROOM_ORDER_MAP_V1.md","1737","8A759291F1E679A7316A38DB07B0C10B41F66DEC4C5524A9DED8409AB9965B2F"
"support-chat-drop-history","small-support-history-copy","C:\Users\13527\Desktop\123\_CHAT_DROPS\ROOT_CLEANOUT_DROP_COPY_20260530_200513\CHAT_DROP_COPY__SWIFT_SCAN_SUIT_CARD_V1.md","C:\Users\13527\Desktop\ESO\ESO\ACTIVE_CHAT_DROPS\HELPER_FILES\HOUSE_HELPER_IMPORT_20260612\07_SUPPORT_CHAT_DROP_HISTORY\ROOT_CLEANOUT_DROP_COPY_20260530_200513\CHAT_DROP_COPY__SWIFT_SCAN_SUIT_CARD_V1.md","1758","E490AF0E39A0F31D10F57EE82F927F6844CFDF4BEC161A19682A4ABEA508859E"
"support-chat-drop-history","small-support-history-copy","C:\Users\13527\Desktop\123\_CHAT_DROPS\ROOT_CLEANOUT_DROP_COPY_20260530_200513\CHAT_DROP_COPY__USER_SAID_FIRST_CROSSCHECK_HOUSE_ROPE_LEGEND_LEDGER_KEYMAP_V1.md","C:\Users\13527\Desktop\ESO\ESO\ACTIVE_CHAT_DROPS\HELPER_FILES\HOUSE_HELPER_IMPORT_20260612\07_SUPPORT_CHAT_DROP_HISTORY\ROOT_CLEANOUT_DROP_COPY_20260530_200513\CHAT_DROP_COPY__USER_SAID_FIRST_CROSSCHECK_HOUSE_ROPE_LEGEND_LEDGER_KEYMAP_V1.md","6176","BA643E9B22A90664042165BBB434CC2332C15E786A0439F785E96040F676DCD2"
"support-chat-drop-history","small-support-history-copy","C:\Users\13527\Desktop\123\_CHAT_DROPS\ROOT_CLEANOUT_DROP_COPY_20260530_200513\CHAT_DROP_COPY__USER_SAID_FIRST_CROSSCHECK_HOUSE_ROPE_SUIT_CARD_V1.md","C:\Users\13527\Desktop\ESO\ESO\ACTIVE_CHAT_DROPS\HELPER_FILES\HOUSE_HELPER_IMPORT_20260612\07_SUPPORT_CHAT_DROP_HISTORY\ROOT_CLEANOUT_DROP_COPY_20260530_200513\CHAT_DROP_COPY__USER_SAID_FIRST_CROSSCHECK_HOUSE_ROPE_SUIT_CARD_V1.md","1780","DE3CC2E0B920FE5202EB41AA8A670E1DF5889614A658CE406247FB8888A7BE60"
"support-chat-drop-history","small-support-history-copy","C:\Users\13527\Desktop\123\_CHAT_DROPS\ROOT_CLEANOUT_DROP_COPY_20260530_200513\SOURCE_DROP_COPY__SCALE_STEP_CHAIN_PROOF_REVIEW_MAX5_TO_MAX10_V1.md","C:\Users\13527\Desktop\ESO\ESO\ACTIVE_CHAT_DROPS\HELPER_FILES\HOUSE_HELPER_IMPORT_20260612\07_SUPPORT_CHAT_DROP_HISTORY\ROOT_CLEANOUT_DROP_COPY_20260530_200513\SOURCE_DROP_COPY__SCALE_STEP_CHAIN_PROOF_REVIEW_MAX5_TO_MAX10_V1.md","4023","546E75CA2CF49EDF8AC32007B089274824916A133ECE14EF2BE0FBBECE344B93"
"support-chat-drop-history","small-support-history-copy","C:\Users\13527\Desktop\123\_CHAT_DROPS\ROOT_CLEANOUT_DROP_COPY_20260530_200513\SOURCE_DROP_COPY__SWIFT_SCAN_SOURCE_FIT_AND_GAP_FILL_REPORT_V1.md","C:\Users\13527\Desktop\ESO\ESO\ACTIVE_CHAT_DROPS\HELPER_FILES\HOUSE_HELPER_IMPORT_20260612\07_SUPPORT_CHAT_DROP_HISTORY\ROOT_CLEANOUT_DROP_COPY_20260530_200513\SOURCE_DROP_COPY__SWIFT_SCAN_SOURCE_FIT_AND_GAP_FILL_REPORT_V1.md","2654","0DEC8360A59B0E2A7A2C1B9850218FE14C42663C29F4F45532775B4AC1DE7B45"
"support-chat-drop-history","small-support-history-copy","C:\Users\13527\Desktop\123\_CHAT_DROPS\ROOT_CLEANOUT_DROP_COPY_20260530_200513\SOURCE_DROP_COPY__USER_SAID_FIRST_CROSSCHECK_HOUSE_ROPE_SOURCE_CROSSCHECK_V1.md","C:\Users\13527\Desktop\ESO\ESO\ACTIVE_CHAT_DROPS\HELPER_FILES\HOUSE_HELPER_IMPORT_20260612\07_SUPPORT_CHAT_DROP_HISTORY\ROOT_CLEANOUT_DROP_COPY_20260530_200513\SOURCE_DROP_COPY__USER_SAID_FIRST_CROSSCHECK_HOUSE_ROPE_SOURCE_CROSSCHECK_V1.md","3632","843E77BFA428DF3D848E21B2FE0D6A55018FE7C86AFD199F42D78422707FE629"
"tool-index","copied-index-no-execution","C:\Users\13527\Desktop\123\_TOOLS_AND_SCRIPTS\HELPER_TOOL_CODES\00_TOOL_INDEX\CURRENT_ERROR_TRIGGERED_HELPER_HARVEST_CONTEXT.json","C:\Users\13527\Desktop\ESO\ESO\ACTIVE_CHAT_DROPS\HELPER_FILES\HOUSE_HELPER_IMPORT_20260612\04_HELPER_TOOL_INDEXES\CURRENT_ERROR_TRIGGERED_HELPER_HARVEST_CONTEXT.json","1269","22EDACB86F2A50A7E9FA7B516AEEEC3FAC0DC4BE0649C2F185657689A507DE77"
"tool-index","copied-index-no-execution","C:\Users\13527\Desktop\123\_TOOLS_AND_SCRIPTS\HELPER_TOOL_CODES\00_TOOL_INDEX\CURRENT_ERROR_TRIGGERED_HELPER_HARVEST_CONTEXT.md","C:\Users\13527\Desktop\ESO\ESO\ACTIVE_CHAT_DROPS\HELPER_FILES\HOUSE_HELPER_IMPORT_20260612\04_HELPER_TOOL_INDEXES\CURRENT_ERROR_TRIGGERED_HELPER_HARVEST_CONTEXT.md","4704","6077ED8466223DA7A172B55ED93A0E17CCCF56468759E01AEA18AC97731E3F84"
"tool-index","copied-index-no-execution","C:\Users\13527\Desktop\123\_TOOLS_AND_SCRIPTS\HELPER_TOOL_CODES\00_TOOL_INDEX\ERROR_TRIGGERED_HELPER_HARVEST_STATE.json","C:\Users\13527\Desktop\ESO\ESO\ACTIVE_CHAT_DROPS\HELPER_FILES\HOUSE_HELPER_IMPORT_20260612\04_HELPER_TOOL_INDEXES\ERROR_TRIGGERED_HELPER_HARVEST_STATE.json","7243","F62B4C7DD9FFDFC54374B9780D636F17BCE2911EEE8699764B096B49BC6B4953"
"tool-index","copied-index-no-execution","C:\Users\13527\Desktop\123\_TOOLS_AND_SCRIPTS\HELPER_TOOL_CODES\00_TOOL_INDEX\HELPER_CODE_ADOPTION_CUT_MAP_INDEX_20260606.md","C:\Users\13527\Desktop\ESO\ESO\ACTIVE_CHAT_DROPS\HELPER_FILES\HOUSE_HELPER_IMPORT_20260612\04_HELPER_TOOL_INDEXES\HELPER_CODE_ADOPTION_CUT_MAP_INDEX_20260606.md","8755","C64012BBDB12F03F6A2AF974B2F03F52D084ADF40DBEE9BB5DE475DA8B51CBCA"
"tool-index","copied-index-no-execution","C:\Users\13527\Desktop\123\_TOOLS_AND_SCRIPTS\HELPER_TOOL_CODES\00_TOOL_INDEX\HELPER_RUN_SEQUENCE_INDEX_20260606.md","C:\Users\13527\Desktop\ESO\ESO\ACTIVE_CHAT_DROPS\HELPER_FILES\HOUSE_HELPER_IMPORT_20260612\04_HELPER_TOOL_INDEXES\HELPER_RUN_SEQUENCE_INDEX_20260606.md","1786","0967D0E821122353297440D4B585B3DF7E8205B788977AB16393763799B84ED3"
"tool-index","copied-index-no-execution","C:\Users\13527\Desktop\123\_TOOLS_AND_SCRIPTS\HELPER_TOOL_CODES\00_TOOL_INDEX\HELPER_RUN_SEQUENCE_LABEL_KEY_20260606.md","C:\Users\13527\Desktop\ESO\ESO\ACTIVE_CHAT_DROPS\HELPER_FILES\HOUSE_HELPER_IMPORT_20260612\04_HELPER_TOOL_INDEXES\HELPER_RUN_SEQUENCE_LABEL_KEY_20260606.md","969","3EAF91199A0AC66AEDB22E02B7D3FF89C26B2FCB92E18788625EE5191DF3398D"
"tool-index","copied-index-no-execution","C:\Users\13527\Desktop\123\_TOOLS_AND_SCRIPTS\HELPER_TOOL_CODES\00_TOOL_INDEX\HELPER_TOOL_CODE_INDEX_20260606.md","C:\Users\13527\Desktop\ESO\ESO\ACTIVE_CHAT_DROPS\HELPER_FILES\HOUSE_HELPER_IMPORT_20260612\04_HELPER_TOOL_INDEXES\HELPER_TOOL_CODE_INDEX_20260606.md","14561","A1B9A880942F147AAF7FF05162C60D4E24E55920092D65BC3A03E940A065C933"
